<?xml version="1.0" encoding="UTF-8"?>

<!--
  Licensed to the Apache Software Foundation (ASF) under one or more
  contributor license agreements.  See the NOTICE file distributed with
  this work for additional information regarding copyright ownership.
  The ASF licenses this file to You under the Apache License, Version 2.0
  (the "License"); you may not use this file except in compliance with
  the License.  You may obtain a copy of the License at

       http://www.apache.org/licenses/LICENSE-2.0

  Unless required by applicable law or agreed to in writing, software
  distributed under the License is distributed on an "AS IS" BASIS,
  WITHOUT WARRANTIES OR CONDITIONS OF ANY KIND, either express or implied.
  See the License for the specific language governing permissions and
  limitations under the License.
-->

<!--
    Default log4j2 configuration for Ignite.
-->
<Configuration monitorInterval="60">
    <Appenders>
        <Console name="CONSOLE" target="SYSTEM_OUT">
            <PatternLayout pattern="[%d{ISO8601}][%-5p][%t][%c{1}]%notEmpty{[%markerSimpleName]} %m%n"/>
            <ThresholdFilter level="ERROR" onMatch="DENY" onMismatch="ACCEPT"/>
        </Console>

        <Routing name="FILE">
            <Routes pattern="$${sys:nodeId}">
                <Route>
                    <RollingFile name="Rolling-${sys:nodeId}" fileName="logs/ignite-log-4.txt"
                                 filePattern="logs/ignite-log-4-%i-%d{yyyy-MM-dd}.log.gz">
                        <PatternLayout pattern="[%d{ISO8601}][%-5p][%t][%c{1}]%notEmpty{[%markerSimpleName]} %m%n"/>
                        <Policies>
                            <TimeBasedTriggeringPolicy interval="6" modulate="true" />
                            <SizeBasedTriggeringPolicy size="10 MB" />
                        </Policies>
                    </RollingFile>
                </Route>
            </Routes>
        </Routing>
    </Appenders>

    <Loggers>
        <Logger name="org.apache.ignite.internal.processors.odbc.ClientListenerNioListener" level="TRACE"/>

        <Root level="INFO">
            <AppenderRef ref="CONSOLE"/>

            <AppenderRef ref="FILE"/>
        </Root>
    </Loggers>
</Configuration>
